-- phpMyAdmin SQL Dump
-- version 5.1.1
-- https://www.phpmyadmin.net/
--
-- Host: 127.0.0.1:3306
-- Generation Time: Mar 21, 2024 at 07:35 AM
-- Server version: 5.7.36
-- PHP Version: 7.4.26

SET SQL_MODE = "NO_AUTO_VALUE_ON_ZERO";
START TRANSACTION;
SET time_zone = "+00:00";


/*!40101 SET @OLD_CHARACTER_SET_CLIENT=@@CHARACTER_SET_CLIENT */;
/*!40101 SET @OLD_CHARACTER_SET_RESULTS=@@CHARACTER_SET_RESULTS */;
/*!40101 SET @OLD_COLLATION_CONNECTION=@@COLLATION_CONNECTION */;
/*!40101 SET NAMES utf8mb4 */;

--
-- Database: `pricewiz`
--

-- --------------------------------------------------------

--
-- Table structure for table `category`
--

DROP TABLE IF EXISTS `category`;
CREATE TABLE IF NOT EXISTS `category` (
  `category_ID` int(1) NOT NULL AUTO_INCREMENT,
  `category_name` varchar(20) NOT NULL,
  PRIMARY KEY (`category_ID`)
) ENGINE=MyISAM AUTO_INCREMENT=9 DEFAULT CHARSET=latin1;

--
-- Dumping data for table `category`
--

INSERT INTO `category` (`category_ID`, `category_name`) VALUES
(1, 'Baby Product'),
(2, 'Beverage'),
(3, 'Chilled & Frozen'),
(4, 'Fresh Product'),
(5, 'Grocery'),
(6, 'Health & Beauty'),
(7, 'Household'),
(8, 'Meat & Poultry');

-- --------------------------------------------------------

--
-- Table structure for table `cpi_core`
--

DROP TABLE IF EXISTS `cpi_core`;
CREATE TABLE IF NOT EXISTS `cpi_core` (
  `cpi_id` int(2) NOT NULL AUTO_INCREMENT,
  `price_date` date NOT NULL,
  `overall` decimal(10,4) NOT NULL,
  `food_beverage` decimal(10,4) NOT NULL,
  `clothing_footwear` decimal(10,4) NOT NULL,
  `housing_utilities` decimal(10,4) NOT NULL,
  `furnishings` decimal(10,4) NOT NULL,
  `health` decimal(10,4) NOT NULL,
  PRIMARY KEY (`cpi_id`)
) ENGINE=MyISAM AUTO_INCREMENT=13 DEFAULT CHARSET=latin1;

--
-- Dumping data for table `cpi_core`
--

INSERT INTO `cpi_core` (`cpi_id`, `price_date`, `overall`, `food_beverage`, `clothing_footwear`, `housing_utilities`, `furnishings`, `health`) VALUES
(1, '2015-01-01', '109.3000', '114.8000', '98.6000', '111.0000', '106.8000', '111.7000'),
(2, '2016-01-01', '113.2000', '119.5000', '99.0000', '114.9000', '111.2000', '116.8000'),
(3, '2017-01-01', '115.6000', '122.9000', '98.3000', '117.7000', '112.9000', '119.7000'),
(4, '2018-01-01', '118.1000', '127.2000', '98.0000', '120.7000', '115.8000', '122.4000'),
(5, '2019-01-01', '118.3000', '129.3000', '94.8000', '123.5000', '115.5000', '121.8000'),
(6, '2020-01-01', '120.2000', '131.0000', '93.7000', '126.2000', '116.9000', '123.5000'),
(7, '2021-01-01', '121.0000', '132.6000', '93.3000', '126.8000', '117.1000', '124.5000'),
(8, '2022-01-01', '122.9000', '136.3000', '93.0000', '127.9000', '120.7000', '124.8000'),
(9, '2023-01-01', '127.7000', '146.9000', '93.5000', '130.1000', '124.9000', '126.6000');

-- --------------------------------------------------------

--
-- Table structure for table `item_info`
--

DROP TABLE IF EXISTS `item_info`;
CREATE TABLE IF NOT EXISTS `item_info` (
  `item_ID` int(3) NOT NULL AUTO_INCREMENT,
  `item_name` varchar(50) NOT NULL,
  `item_price1` double(4,2) DEFAULT NULL,
  `item_price2` double(4,2) DEFAULT NULL,
  `item_price3` double(4,2) DEFAULT NULL,
  `item_image` blob,
  `category_ID` int(1) DEFAULT NULL,
  PRIMARY KEY (`item_ID`),
  KEY `fk_category_id` (`category_ID`)
) ENGINE=MyISAM AUTO_INCREMENT=105 DEFAULT CHARSET=latin1;

--
-- Dumping data for table `item_info`
--

INSERT INTO `item_info` (`item_ID`, `item_name`, `item_price1`, `item_price2`, `item_price3`, `item_image`, `category_ID`) VALUES
(56, 'GOURMET CHEF BEEF PEPPERONI SLICED 150G', 10.99, 11.50, 11.15, 0x2e2e2f75706c6f6164732f474f55524d455420434845462042454546205045505045524f4e4920534c4943454420313530472e706e67, 8),
(57, 'CHICKEN RIB KG', 11.36, 11.40, 14.45, 0x2e2e2f75706c6f6164732f434849434b454e20524942204b472e706e67, 8),
(43, 'PREGO Traditional Pasta Sauce 300g', 5.35, 4.80, 4.99, 0x2e2e2f75706c6f6164732f67726f636572795f6974656d5f736f73507265676f2e706e67, 5),
(42, 'FAIZA Serbuk Kari Daging 220g', 5.35, 4.80, 4.99, 0x2e2e2f75706c6f6164732f67726f636572795f6974656d5f73657262756b4b6172692e706e67, 5),
(41, 'LADY’S CHOICE Real Mayonnaise 470ml', 10.95, 10.76, 10.65, 0x2e2e2f75706c6f6164732f67726f636572795f6974656d5f6d61796f6e6573652e706e67, 5),
(40, 'MAGGI Chili Sauce 340g', 4.10, 3.90, 3.70, 0x2e2e2f75706c6f6164732f67726f636572795f6974656d5f736f7343696c692e706e67, 5),
(59, 'CHICKEN THIGH KG', 11.49, 11.53, 11.50, 0x2e2e2f75706c6f6164732f434849434b454e205448494748204b472e706e67, 8),
(58, 'LAMB BURGER 200G', 12.99, 13.20, 13.10, 0x2e2e2f75706c6f6164732f4c414d422042555247455220323030472e706e67, 8),
(37, 'PREGO Spagetti 500g', 3.77, 3.55, 3.20, 0x2e2e2f75706c6f6164732f67726f636572795f6974656d5f73706167657474692e706e67, 5),
(38, 'CAMPBELL Cream of Chic 300g', 5.25, 5.30, 5.50, 0x2e2e2f75706c6f6164732f67726f636572795f6974656d5f736f75702e706e67, 5),
(39, 'STAR BRAND Beehoon 300g', 3.30, 3.33, 3.10, 0x2e2e2f75706c6f6164732f67726f636572795f6974656d5f626968756e2e706e67, 5),
(47, 'AL BAYT Kabsah Ayam 450g', 14.39, 14.00, 14.20, 0x2e2e2f75706c6f6164732f67726f636572792b6974656d5f6e6173694b61627361682e706e67, 5),
(48, 'MAGGI Oyster Sauce 400ml', 7.59, 6.85, 7.00, 0x2e2e2f75706c6f6164732f67726f636572795f6974656d5f6f797374657253617563652e706e67, 5),
(74, 'ENSURE GOLD COFFEE YBG 800G', 99.99, 90.00, 96.10, 0x2e2e2f75706c6f6164732f454e5355524520474f4c4420434f464645452059424720383030472e706e67, 2),
(66, 'CERELAC NUTRIBITES ORGINAL 180G', 11.49, 9.60, 13.80, 0x2e2e2f75706c6f6164732f434552454c4143204e555452494249544553204f524947494e414c20313830472e706e67, 1),
(65, 'GENKI TAPE MEGA XL42', 27.99, 26.80, 40.30, 0x2e2e2f75706c6f6164732f47454e4b492054415045204d45474120584c34322e706e67, 1),
(55, 'WHOLE CHICKEN WITH HEAD AND FEET 7730G', 7.99, 7.80, 8.50, 0x2e2e2f75706c6f6164732f57484f4c4520434849434b454e2057495448204845414420414e442046454554202837373330292e706e67, 8),
(64, 'MAMYPOKO EXTRA DRY ORGANIC TAPE NEW BORN 70', 39.90, 39.60, 40.30, 0x2e2e2f75706c6f6164732f4d414d59504f4b4f20455854524120445259204f5247414e49432054415045204e455720424f524e2037302e706e67, 1),
(67, 'NESTLE CERELAC RICE NO ADDED SUGAR 500G', 15.80, 14.99, 17.30, 0x2e2e2f75706c6f6164732f4e4553544c4520434552454c41432052494345204e4f20414444454420535547415220353030472e706e67, 1),
(69, 'CETAPHIL BABY ADVANCE PROTECT CREAM 85G', 20.74, 20.60, 25.50, 0x2e2e2f75706c6f6164732f434554415048494c204241425920414456414e43452050524f5445435420435245414d203835472e706e67, 1),
(70, 'CETAPHIL BABY DAILY LOTION 400 ML', 75.90, 76.50, 77.90, 0x2e2e2f75706c6f6164732f434554415048494c2042414259204441494c59204c4f54494f4e203430304d4c2e706e67, 1),
(71, 'CARRIE JUNIOR CHEEKY CHERRY BABY POWDER 280G', 7.30, 6.50, 7.90, 0x2e2e2f75706c6f6164732f434152524945204a554e494f52204241425920504f5744455220434845454b5920434845525259205457494e205041434b20343530472e706e67, 1),
(72, 'JOHNSON BABY GOLD SHAMPOO 200ML', 7.05, 7.10, 8.90, 0x2e2e2f75706c6f6164732f4a4f484e534f4e53204241425920474f4c44205348414d504f4f203830304d4c2e706e67, 1),
(73, 'PUREEN BABY WIPES FRAGRANCE FREE 2X100S', 13.50, 12.75, 13.90, 0x2e2e2f75706c6f6164732f50555245454e2042414259205749504553204652414752414e43452046524545203258313030532e706e67, 1),
(75, 'MILO (SOFTPACK) 2KG', 38.50, 38.20, 34.99, 0x2e2e2f75706c6f6164732f4d494c4f2028534f46545041434b2920324b472e706e67, 2),
(76, 'FN VITAMINISED SWEETENED CREAMER 500G', 3.79, 3.83, 4.35, 0x2e2e2f75706c6f6164732f464e20564954414d494e49534544205357454554454e454420435245414d455220353030472e706e67, 2),
(77, '100 PLUS ISOTONIC DRINK 1.5L', 2.99, 3.39, 3.79, 0x2e2e2f75706c6f6164732f31303020504c55532049534f544f4e4943204452494e4b20312e354c2e706e67, 2),
(78, 'NESCAFE CLASSIC REFILL PACK 300G', 22.99, 22.70, 24.30, 0x2e2e2f75706c6f6164732f4e45534341464520434c415353494320524546494c4c205041434b20333030472e706e67, 2),
(79, 'LIPTON SERVICES TEABAGS 100S', 12.65, 12.95, 14.99, 0x2e2e2f75706c6f6164732f4c4950544f4e205345525649434553205445414241475320313030532e706e67, 2),
(80, 'DUTCH LADY UHT CHOCOLATE MILK 200ML X 6S', 9.49, 9.50, 10.20, 0x2e2e2f75706c6f6164732f4455544348204c414459205548542043484f434f4c415445204d494c4b203230304d4c20582036532e706e67, 2),
(81, 'ANCHOR CHEESE 200GM', 8.55, 8.45, 8.55, 0x2e2e2f75706c6f6164732f414e43484f522043484545534520323030474d2e706e67, 2),
(82, 'EMBORG CREAM CHEESE 200G', 8.99, 8.40, 9.20, 0x2e2e2f75706c6f6164732f454d424f524720435245414d2043484545534520323030472e706e67, 3),
(83, 'EMBORG UHT WHIPPING CREAM 1L', 29.30, 25.85, 29.50, 0x2e2e2f75706c6f6164732f454d424f524720554854205748495050494e4720435245414d20314c2e706e67, 3),
(84, 'LA CREMERIA SUMMER BERRIES YOUGURT 750ML', 13.50, 12.90, 13.99, 0x2e2e2f75706c6f6164732f4c41204352454d455249412053554d4d4552204245525249455320594f47555254203735304d4c2e706e67, 3),
(85, 'HARVEST GOURMET CUTLET 270G', 15.88, 16.70, 17.90, 0x2e2e2f75706c6f6164732f4841525645535420474f55524d4554204355544c455420323730472e706e67, 3),
(86, 'CP CHICKEN ROLL 550G', 17.99, 16.70, 17.99, 0x2e2e2f75706c6f6164732f435020434849434b454e20524f4c4c20353530472e706e67, 3),
(87, 'RAMLY CHICKEN BURGER 300G', 6.48, 6.30, 6.49, 0x2e2e2f75706c6f6164732f52414d4c5920434849434b454e2042555247455220333030472e706e67, 3),
(88, 'CP KOREAN FRIED CHICKEN 610G', 16.98, 16.48, 17.80, 0x2e2e2f75706c6f6164732f4350204b4f5245414e20465249454420434849434b454e20363130472e706e67, 3),
(89, 'FARM FRESH MILK 2L', 16.20, 15.60, 16.19, 0x2e2e2f75706c6f6164732f4641524d204652455348204d494c4b20324c2e706e67, 3),
(90, 'PP HALIA TUA THAI 300G', 2.50, 2.30, 2.69, 0x2e2e2f75706c6f6164732f50502048414c494120545541205448414920333030472e706e67, 4),
(91, 'BAWANG KUNING 2KG', 10.90, 9.70, 10.90, 0x2e2e2f75706c6f6164732f424157414e47204b554e494e4720324b472e706e67, 4),
(92, 'LIMAU KASTURI - KG (4170)', 7.29, 6.90, 7.60, 0x2e2e2f75706c6f6164732f4c494d4155204b4153545552492d204b47202834313730292e706e67, 4),
(93, 'AUSTRALIA BANANA PRAWN -KG', 59.93, 61.20, 60.90, 0x2e2e2f75706c6f6164732f4155535452414c49412042414e414e4120505241574e202d4b472e706e67, 4),
(94, 'KOBIS PANJANG CHINA -KG(4535)', 7.98, 8.20, 7.30, 0x2e2e2f75706c6f6164732f4b4f4249532050414e4a414e47204348494e41202d4b472834353335292e706e67, 4),
(95, 'IKAN SIAKAP L (PCS) (8790)', 15.99, 17.20, 16.30, 0x2e2e2f75706c6f6164732f494b414e205349414b4150204c202850435329202838373930292e706e67, 4),
(96, 'NUTRIPLUS LOW CHOLESTEROL (M) EGG 15S', 11.49, 10.90, 11.70, 0x2e2e2f75706c6f6164732f4e55545249504c5553204c4f572043484f4c45535445524f4c20284d2920454747203135532e706e67, 4),
(97, 'BIJI JINTAN MANIS (4866) - KG', 28.00, 27.90, 28.40, 0x2e2e2f75706c6f6164732f42494a49204a494e54414e204d414e495320283438363629202d204b472e706e67, 4),
(98, 'LIBRESSE MAXI WING 28CM 3X16S', 13.90, 13.88, 15.99, 0x2e2e2f75706c6f6164732f4c49425245535345204d4158492057494e47203238434d2033583136532e706e67, 6),
(99, 'REXONA DEODORANT VIBRANT SAKURA 2X45ML', 17.90, 15.60, 17.80, 0x2e2e2f75706c6f6164732f5245584f4e412028574f4d454e292044454f444f52414e5420524f4c4c2056494252414e542053414b55524120325834354d4c2e706e67, 6),
(100, 'BADLAB SOLID TEXTURE HAIR WAX 120G', 22.89, 22.90, 22.85, 0x2e2e2f75706c6f6164732f4241444c414220534f4c4944205445585455524520484149522057415820313230472e706e67, 6),
(101, 'GARNIER COLOR KIT MIDNIGHT BLUE 3.1', 25.99, 21.50, 25.50, 0x2e2e2f75706c6f6164732f4741524e49455220434f4c4f52204b4954204d49444e4947485420424c554520332e312e706e67, 6),
(102, 'GLO LIME 1.2L ', 9.90, 6.89, 5.99, 0x2e2e2f75706c6f6164732f474c4f204c494d4520312e324c2e706e67, 7),
(103, 'MOSPELL MOSQUITOES REPELLER 60G', 10.69, 10.45, 12.30, 0x2e2e2f75706c6f6164732f4d4f5350454c4c204d4f53515549544f455320524550454c4c4552203630472e706e67, 7),
(104, 'AMBI PUR GEL FRESH LEMONGRASS 180G', 7.99, 7.60, 7.80, 0x2e2e2f75706c6f6164732f414d4249205055522047454c204652455348204c454d4f4e475241535320313830472e706e67, 7);

-- --------------------------------------------------------

--
-- Table structure for table `user`
--

DROP TABLE IF EXISTS `user`;
CREATE TABLE IF NOT EXISTS `user` (
  `user_ID` int(2) NOT NULL AUTO_INCREMENT,
  `user_name` varchar(20) NOT NULL,
  `full_name` text NOT NULL,
  `user_pwd` varchar(8) NOT NULL,
  PRIMARY KEY (`user_ID`)
) ENGINE=MyISAM AUTO_INCREMENT=27 DEFAULT CHARSET=latin1;

--
-- Dumping data for table `user`
--

INSERT INTO `user` (`user_ID`, `user_name`, `full_name`, `user_pwd`) VALUES
(1, 'azmi22', 'muhammad azmi', '1234');
COMMIT;

/*!40101 SET CHARACTER_SET_CLIENT=@OLD_CHARACTER_SET_CLIENT */;
/*!40101 SET CHARACTER_SET_RESULTS=@OLD_CHARACTER_SET_RESULTS */;
/*!40101 SET COLLATION_CONNECTION=@OLD_COLLATION_CONNECTION */;
